episode,avg_commute_time,avg_satisfaction,total_vehicles,reward
1,105.6,6.7,20,-3.8600000000000003
2,66.66666666666667,10.0,9,3.333333333333332
