episode,avg_commute_time,avg_satisfaction,total_vehicles,reward
1,328.88235294117646,7.3647058823529425,17,-25.523529411764706
2,266.6666666666667,10.0,12,-16.66666666666667
3,372.4736842105263,6.557894736842108,19,-30.689473684210526
4,441.10526315789474,4.410526315789475,19,-39.7
